<application>
  <component name="FileTypeManager" version="17">
    <ignoreFiles list="*.hprof;*.pyc;*.pyo;*.rbc;*~;.DS_Store;.git;.hg;.svn;CVS;RCS;SCCS;__pycache__;_svn;rcs;" />
    <extensionMap>
      <mapping pattern="config" type="Bash" />
      <mapping ext="php" type="HTML" />
      <mapping ext="inc" type="HTML" />
      <mapping pattern="www" type="JavaScript" />
      <mapping pattern="*.asp?year=2019&amp;s=0" type="PLAIN_TEXT" />
      <mapping pattern="DemoHtml" type="PLAIN_TEXT" />
      <mapping pattern="file" type="PLAIN_TEXT" />
      <mapping pattern="tycom记事本大全" type="PLAIN_TEXT" />
      <mapping pattern=".gitkeep" type="PLAIN_TEXT" />
      <mapping pattern=".dockerignore" type="PLAIN_TEXT" />
      <mapping pattern="linux虚拟机的笔记" type="PLAIN_TEXT" />
      <mapping pattern="网站地址" type="PLAIN_TEXT" />
      <mapping pattern="lib" type="PLAIN_TEXT" />
      <mapping pattern="金字塔原理" type="PLAIN_TEXT" />
      <mapping pattern="restful" type="PLAIN_TEXT" />
      <mapping pattern="开发过且废弃的" type="PLAIN_TEXT" />
      <mapping pattern="plu" type="PLAIN_TEXT" />
      <mapping pattern="面向对象思想" type="PLAIN_TEXT" />
      <mapping pattern="linux安装nvm" type="PLAIN_TEXT" />
      <mapping pattern="gitconfig" type="PLAIN_TEXT" />
      <mapping pattern="even_two" type="PLAIN_TEXT" />
      <mapping pattern="world" type="PLAIN_TEXT" />
      <mapping pattern="自我介绍" type="PLAIN_TEXT" />
      <mapping pattern="node阿里云日志查询" type="PLAIN_TEXT" />
      <mapping pattern="notebook" type="PLAIN_TEXT" />
      <mapping pattern="记事笔记" type="PLAIN_TEXT" />
      <mapping pattern="Nodejs" type="PLAIN_TEXT" />
      <mapping pattern="2016-12-06" type="PLAIN_TEXT" />
      <mapping pattern="docker-question" type="PLAIN_TEXT" />
      <mapping pattern="日志" type="PLAIN_TEXT" />
      <mapping pattern="--Shell命令大全" type="PLAIN_TEXT" />
      <mapping pattern="命令笔记" type="PLAIN_TEXT" />
      <mapping pattern="Javascript常用的设计模式" type="PLAIN_TEXT" />
      <mapping pattern="前端代码提交贵方" type="PLAIN_TEXT" />
      <mapping pattern="world-record" type="PLAIN_TEXT" />
      <mapping pattern="aaa" type="PLAIN_TEXT" />
      <mapping pattern="tomcat" type="PLAIN_TEXT" />
      <mapping pattern="linux下安装nginx" type="PLAIN_TEXT" />
      <mapping pattern=".zshrs" type="PLAIN_TEXT" />
      <mapping pattern="linux屏幕分辨率设置" type="PLAIN_TEXT" />
      <mapping pattern="pass" type="PLAIN_TEXT" />
      <mapping pattern="commands" type="PLAIN_TEXT" />
      <mapping pattern="工作模式" type="PLAIN_TEXT" />
      <mapping pattern="个人修炼手册" type="PLAIN_TEXT" />
      <mapping pattern="clearDockerImages" type="PLAIN_TEXT" />
      <mapping pattern="linux-(apt-get)" type="PLAIN_TEXT" />
      <mapping pattern="aaaa" type="PLAIN_TEXT" />
      <mapping pattern="linux下安装nodejs" type="PLAIN_TEXT" />
      <mapping pattern="网站大全" type="PLAIN_TEXT" />
      <mapping pattern="ln-file" type="PLAIN_TEXT" />
      <mapping pattern="git快捷命令配置" type="PLAIN_TEXT" />
      <mapping pattern="wget" type="PLAIN_TEXT" />
      <mapping pattern="面试总结" type="PLAIN_TEXT" />
      <mapping pattern="服务地址" type="PLAIN_TEXT" />
      <mapping pattern="note" type="PLAIN_TEXT" />
      <mapping pattern="linux安装vscode" type="PLAIN_TEXT" />
      <mapping pattern="已使用" type="PLAIN_TEXT" />
      <mapping pattern="cmd" type="PLAIN_TEXT" />
      <mapping pattern=".myzshrc" type="PLAIN_TEXT" />
      <mapping pattern="CNAME" type="PLAIN_TEXT" />
      <mapping pattern="万汇互联" type="PLAIN_TEXT" />
      <mapping pattern="linux下的svn命令" type="PLAIN_TEXT" />
      <mapping pattern="docker快捷命令配置" type="PLAIN_TEXT" />
      <mapping pattern="http" type="PLAIN_TEXT" />
      <mapping pattern="followQuant接口" type="PLAIN_TEXT" />
      <mapping pattern="password" type="PLAIN_TEXT" />
      <mapping pattern="策略市场接口" type="PLAIN_TEXT" />
      <mapping pattern="mongodb命令总结" type="PLAIN_TEXT" />
      <mapping pattern="筆記" type="PLAIN_TEXT" />
      <mapping pattern="策略市场个人主页相关接口" type="PLAIN_TEXT" />
      <mapping pattern=".vimrc" type="PLAIN_TEXT" />
      <mapping pattern="WordLog" type="PLAIN_TEXT" />
      <mapping pattern="我的笔记本" type="PLAIN_TEXT" />
      <mapping pattern="项目介绍" type="PLAIN_TEXT" />
      <mapping pattern="个人主页接口" type="PLAIN_TEXT" />
      <mapping pattern="docker question" type="PLAIN_TEXT" />
      <mapping pattern="git总结" type="PLAIN_TEXT" />
      <mapping pattern="CHANGELOG" type="PLAIN_TEXT" />
      <mapping pattern="配置笔记" type="PLAIN_TEXT" />
      <mapping pattern="1" type="PLAIN_TEXT" />
      <mapping pattern="ECMAScript6简介" type="PLAIN_TEXT" />
      <mapping pattern="linux安装chrome" type="PLAIN_TEXT" />
      <mapping pattern="plugins" type="PLAIN_TEXT" />
      <mapping pattern="开发单词" type="PLAIN_TEXT" />
      <mapping pattern="我的日常" type="PLAIN_TEXT" />
      <mapping pattern="--shell环境常量" type="PLAIN_TEXT" />
      <mapping pattern="英语零起点" type="PLAIN_TEXT" />
      <mapping pattern="导入记录" type="PLAIN_TEXT" />
      <mapping pattern="linux下安装svn服务器" type="PLAIN_TEXT" />
      <mapping pattern="linux安装consul" type="PLAIN_TEXT" />
      <mapping pattern="品种匹配接口" type="PLAIN_TEXT" />
      <mapping ext="csv" type="PLAIN_TEXT" />
      <mapping ext="shell 输入-输出重定向" type="PLAIN_TEXT" />
      <mapping ext="27周报" type="PLAIN_TEXT" />
      <mapping ext="mongodb数据库操作" type="PLAIN_TEXT" />
      <mapping ext="安装mongodb" type="PLAIN_TEXT" />
      <mapping ext="go语言环境安装" type="PLAIN_TEXT" />
      <mapping ext="原始数据类型" type="PLAIN_TEXT" />
      <mapping ext="03周报" type="PLAIN_TEXT" />
      <mapping ext="shell echo命令" type="PLAIN_TEXT" />
      <mapping ext="string(字符串)" type="PLAIN_TEXT" />
      <mapping ext="ttf" type="PLAIN_TEXT" />
      <mapping ext="shell test命令" type="PLAIN_TEXT" />
      <mapping ext="shell 流程控制" type="PLAIN_TEXT" />
      <mapping ext="mongodb复制" type="PLAIN_TEXT" />
      <mapping ext="zsh" type="PLAIN_TEXT" />
      <mapping ext="连接mongodb" type="PLAIN_TEXT" />
      <mapping ext="安装git" type="PLAIN_TEXT" />
      <mapping ext="nosql简介" type="PLAIN_TEXT" />
      <mapping ext="对象的扩展" type="PLAIN_TEXT" />
      <mapping ext="shell数组" type="PLAIN_TEXT" />
      <mapping ext="redis简介" type="PLAIN_TEXT" />
      <mapping ext="10周报" type="PLAIN_TEXT" />
      <mapping ext="shell变量" type="PLAIN_TEXT" />
      <mapping ext="索引" type="PLAIN_TEXT" />
      <mapping ext="py" type="PLAIN_TEXT" />
      <mapping ext="docker容器" type="PLAIN_TEXT" />
      <mapping ext="shell 函数" type="PLAIN_TEXT" />
      <mapping ext="koa" type="PLAIN_TEXT" />
      <mapping ext="nest入门" type="PLAIN_TEXT" />
      <mapping ext="class" type="PLAIN_TEXT" />
      <mapping ext="redis的命令" type="PLAIN_TEXT" />
      <mapping ext="list(列表)" type="PLAIN_TEXT" />
      <mapping ext="git命令总结" type="PLAIN_TEXT" />
      <mapping ext="docker的概述" type="PLAIN_TEXT" />
      <mapping ext="教程" type="PLAIN_TEXT" />
      <mapping ext="python版本管理工具" type="PLAIN_TEXT" />
      <mapping ext="hash(哈希)" type="PLAIN_TEXT" />
      <mapping ext="js平台" type="PLAIN_TEXT" />
      <mapping ext="shell教程" type="PLAIN_TEXT" />
      <mapping ext="sqlite" type="PLAIN_TEXT" />
      <mapping ext="shell传递参数" type="PLAIN_TEXT" />
      <mapping ext="mongodb的简介" type="PLAIN_TEXT" />
      <mapping ext="shell printf命令" type="PLAIN_TEXT" />
      <mapping ext="shell基本运算符" type="PLAIN_TEXT" />
      <mapping ext="git的基本操作" type="PLAIN_TEXT" />
      <mapping ext="mongodb概念解析" type="PLAIN_TEXT" />
      <mapping ext="docker镜像" type="PLAIN_TEXT" />
      <mapping ext="简介" type="PLAIN_TEXT" />
      <mapping ext="聚合" type="PLAIN_TEXT" />
      <mapping ext="17周报" type="PLAIN_TEXT" />
      <mapping ext="p12" type="PLAIN_TEXT" />
      <mapping ext="go语言教程" type="PLAIN_TEXT" />
      <mapping pattern="test" type="YAML" />
      <mapping ext="fnc" type="DBN-PSQL" />
      <mapping ext="pkb" type="DBN-PSQL" />
      <mapping ext="pkg" type="DBN-PSQL" />
      <mapping ext="pks" type="DBN-PSQL" />
      <mapping ext="prc" type="DBN-PSQL" />
      <mapping ext="tpb" type="DBN-PSQL" />
      <mapping ext="tpe" type="DBN-PSQL" />
      <mapping ext="tps" type="DBN-PSQL" />
      <mapping ext="trg" type="DBN-PSQL" />
      <mapping ext="vw" type="DBN-SQL" />
    </extensionMap>
  </component>
</application>